message_type_code	message_type_name
PUBLIC_SYSTEM	公開システムメッセージ
PRIVATE_SYSTEM	非公開システムメッセージ
PRIVATE_SEER	白黒占い結果
PRIVATE_PSYCHIC	白黒霊視結果
PRIVATE_WEREWOLF	襲撃結果
PRIVATE_MASON	共有相互確認メッセージ
NORMAL_SAY	通常発言
MONOLOGUE_SAY	独り言
GRAVE_SAY	死者の呻き
WEREWOLF_SAY	人狼の囁き
MASON_SAY	共鳴発言
SPECTATE_SAY	見学発言
CREATOR_SAY	村建て発言
SECRET_SAY	秘話
PARTICIPANTS	参加者一覧